Column,Mean,Median,Mode,variance,Standard Deviation,Skewness,Krutosis,Min,Max,Range
A,55.533610133498215,58.67435982691588,33.618700727558945,189.83993850566142,13.778241488145772,-0.6745212672957466,-0.4205115158129833,33.618700727558945,71.59899037384864,37.98028964628969
B,56.131679509248954,53.789770074399335,38.23125333274457,267.4374333407901,16.35351440335655,0.11558670253206638,-1.6607783943189682,38.23125333274457,75.0990288007169,36.86777546797232
C,24.0,26.0,17.0,20.5,4.527692569068709,-0.7588654218161482,-0.9402141582391432,17.0,28.0,11.0
