Mean,Median,Mode,Variance,Standard Deviation,Min,Max,Range,Column
51.59884841178225,52.268518899862414,,15.781582384341885,3.97260398030585,44.83628503713203,57.01473787263125,12.178452835499222,A
47.62518989180735,49.3057526253012,,303.07804331312065,17.40913677679398,28.140759867675094,73.19383440183842,45.05307453416332,B
29.4,29.0,,9.84,3.1368774282716245,26.0,35.0,9.0,C
56.08010238081103,59.96591884889998,,336.3600240325112,18.340120611176776,24.841819164442043,77.1609241634716,52.31910499902956,D
31.8,31.0,31.0,4.5600000000000005,2.1354156504062622,30.0,36.0,6.0,E
